frame,seconds,reward_score,waiting_score,valid_reward
0,0.0,-1,-1,False
1,0.033333,-1,-1,False
2,0.066667,-1,-1,False
3,0.1,-1,-1,False
4,0.133333,-1,-1,False
5,0.166667,-1,-1,False
6,0.2,-1,-1,False
7,0.233333,-1,-1,False
8,0.266667,-1,-1,False
9,0.3,-1,-1,False
10,0.333333,-1,-1,False
11,0.366667,-1,-1,False
12,0.4,-1,-1,False
13,0.433333,-1,-1,False
14,0.466667,-1,-1,False
15,0.5,-1,-1,False
16,0.533333,-1,-1,False
17,0.566667,-1,-1,False
18,0.6,-1,-1,False
19,0.633333,-1,-1,False
20,0.666667,-1,-1,False
21,0.7,-1,-1,False
22,0.733333,-1,-1,False
23,0.766667,-1,-1,False
24,0.8,-1,-1,False
25,0.833333,-1,-1,False
26,0.866667,-1,-1,False
27,0.9,-1,-1,False
28,0.933333,-1,-1,False
29,0.966667,-1,-1,False
30,1.0,-1,-1,False
31,1.033333,-1,-1,False
32,1.066667,-1,-1,False
33,1.1,-1,-1,False
34,1.133333,-1,-1,False
35,1.166667,-1,-1,False
36,1.2,-1,-1,False
37,1.233333,-1,-1,False
38,1.266667,-1,-1,False
39,1.3,-1,-1,False
40,1.333333,-1,-1,False
41,1.366667,-1,-1,False
42,1.4,-1,-1,False
43,1.433333,-1,-1,False
44,1.466667,-1,-1,False
45,1.5,-1,-1,False
46,1.533333,-1,-1,False
47,1.566667,-1,-1,False
48,1.6,-1,-1,False
49,1.633333,-1,-1,False
50,1.666667,-1,-1,False
51,1.7,-1,-1,False
52,1.733333,-1,-1,False
53,1.766667,-1,-1,False
54,1.8,-1,-1,False
55,1.833333,-1,-1,False
56,1.866667,-1,-1,False
57,1.9,-1,-1,False
58,1.933333,-1,-1,False
59,1.966667,-1,-1,False
60,2.0,-1,-1,False
61,2.033333,-1,-1,False
62,2.066667,-1,-1,False
63,2.1,-1,-1,False
64,2.133333,-1,-1,False
65,2.166667,-1,-1,False
66,2.2,-1,-1,False
67,2.233333,-1,-1,False
68,2.266667,-1,-1,False
69,2.3,-1,-1,False
70,2.333333,-1,-1,False
71,2.366667,-1,-1,False
72,2.4,-1,-1,False
73,2.433333,-1,-1,False
74,2.466667,-1,-1,False
75,2.5,-1,-1,False
76,2.533333,-1,-1,False
77,2.566667,-1,-1,False
78,2.6,-1,-1,False
79,2.633333,-1,-1,False
80,2.666667,-1,-1,False
81,2.7,-1,-1,False
82,2.733333,-1,-1,False
83,2.766667,-1,-1,False
84,2.8,-1,-1,False
85,2.833333,-1,-1,False
86,2.866667,-1,-1,False
87,2.9,-1,-1,False
88,2.933333,-1,-1,False
89,2.966667,-1,-1,False
90,3.0,-1,-1,False
91,3.033333,-1,-1,False
92,3.066667,-1,-1,False
93,3.1,-1,-1,False
94,3.133333,-1,-1,False
95,3.166667,-1,-1,False
96,3.2,-1,-1,False
97,3.233333,-1,-1,False
98,3.266667,-1,-1,False
99,3.3,-1,-1,False
100,3.333333,-1,-1,False
101,3.366667,-1,-1,False
102,3.4,-1,-1,False
103,3.433333,-1,-1,False
104,3.466667,-1,-1,False
105,3.5,-1,-1,False
106,3.533333,-1,-1,False
107,3.566667,-1,-1,False
108,3.6,-1,-1,False
109,3.633333,-1,-1,False
110,3.666667,-1,-1,False
111,3.7,-1,-1,False
112,3.733333,-1,-1,False
113,3.766667,-1,-1,False
114,3.8,-1,-1,False
115,3.833333,-1,-1,False
116,3.866667,-1,-1,False
117,3.9,-1,-1,False
118,3.933333,-1,-1,False
119,3.966667,-1,-1,False
120,4.0,-1,-1,False
121,4.033333,-1,-1,False
122,4.066667,-1,-1,False
123,4.1,-1,-1,False
124,4.133333,-1,-1,False
125,4.166667,-1,-1,False
126,4.2,-1,-1,False
127,4.233333,-1,-1,False
128,4.266667,-1,-1,False
129,4.3,-1,-1,False
130,4.333333,-1,-1,False
131,4.366667,-1,-1,False
132,4.4,-1,-1,False
133,4.433333,-1,-1,False
134,4.466667,-1,-1,False
135,4.5,-1,-1,False
136,4.533333,-1,-1,False
137,4.566667,-1,-1,False
138,4.6,-1,-1,False
139,4.633333,-1,-1,False
140,4.666667,-1,-1,False
141,4.7,-1,-1,False
142,4.733333,-1,-1,False
143,4.766667,-1,-1,False
144,4.8,-1,-1,False
145,4.833333,-1,-1,False
146,4.866667,-1,-1,False
147,4.9,-1,-1,False
148,4.933333,-1,-1,False
149,4.966667,-1,-1,False
150,5.0,-1,-1,False
151,5.033333,-1,-1,False
152,5.066667,-1,-1,False
153,5.1,-1,-1,False
154,5.133333,-1,-1,False
155,5.166667,-1,-1,False
156,5.2,-1,-1,False
157,5.233333,-1,-1,False
158,5.266667,-1,-1,False
159,5.3,-1,-1,False
160,5.333333,-1,-1,False
161,5.366667,-1,-1,False
162,5.4,-1,-1,False
163,5.433333,-1,-1,False
164,5.466667,-1,-1,False
165,5.5,-1,-1,False
166,5.533333,-1,-1,False
167,5.566667,-1,-1,False
168,5.6,-1,-1,False
169,5.633333,-1,-1,False
170,5.666667,-1,-1,False
171,5.7,-1,-1,False
172,5.733333,-1,-1,False
173,5.766667,-1,-1,False
174,5.8,-1,-1,False
175,5.833333,-1,-1,False
176,5.866667,-1,-1,False
177,5.9,-1,-1,False
178,5.933333,-1,-1,False
179,5.966667,-1,-1,False
180,6.0,-1,-1,False
181,6.033333,-1,-1,False
182,6.066667,-1,-1,False
183,6.1,-1,-1,False
184,6.133333,-1,-1,False
185,6.166667,-1,-1,False
186,6.2,-1,-1,False
187,6.233333,-1,-1,False
188,6.266667,-1,-1,False
189,6.3,-1,-1,False
190,6.333333,-1,-1,False
191,6.366667,-1,-1,False
192,6.4,-1,-1,False
193,6.433333,-1,-1,False
194,6.466667,-1,-1,False
195,6.5,-1,-1,False
196,6.533333,-1,-1,False
197,6.566667,-1,-1,False
198,6.6,-1,-1,False
199,6.633333,-1,-1,False
200,6.666667,-1,-1,False
201,6.7,-1,-1,False
202,6.733333,-1,-1,False
203,6.766667,-1,-1,False
204,6.8,-1,-1,False
205,6.833333,-1,-1,False
206,6.866667,-1,-1,False
207,6.9,-1,-1,False
208,6.933333,-1,-1,False
209,6.966667,-1,-1,False
210,7.0,-1,-1,False
211,7.033333,-1,-1,False
212,7.066667,-1,-1,False
213,7.1,-1,-1,False
214,7.133333,-1,-1,False
215,7.166667,-1,-1,False
216,7.2,-1,-1,False
217,7.233333,-1,-1,False
218,7.266667,-1,-1,False
219,7.3,-1,-1,False
220,7.333333,-1,-1,False
221,7.366667,-1,-1,False
222,7.4,-1,-1,False
223,7.433333,-1,-1,False
224,7.466667,-1,-1,False
225,7.5,-1,-1,False
226,7.533333,-1,-1,False
227,7.566667,-1,-1,False
228,7.6,-1,-1,False
229,7.633333,-1,-1,False
230,7.666667,-1,-1,False
231,7.7,-1,-1,False
232,7.733333,-1,-1,False
233,7.766667,-1,-1,False
234,7.8,-1,-1,False
235,7.833333,-1,-1,False
236,7.866667,-1,-1,False
237,7.9,-1,-1,False
238,7.933333,-1,-1,False
239,7.966667,-1,-1,False
240,8.0,-1,-1,False
241,8.033333,-1,-1,False
242,8.066667,-1,-1,False
243,8.1,-1,-1,False
244,8.133333,-1,-1,False
245,8.166667,-1,-1,False
246,8.2,-1,-1,False
247,8.233333,-1,-1,False
248,8.266667,-1,-1,False
249,8.3,-1,-1,False
250,8.333333,-1,-1,False
251,8.366667,-1,-1,False
252,8.4,-1,-1,False
253,8.433333,-1,-1,False
254,8.466667,-1,-1,False
255,8.5,-1,-1,False
256,8.533333,-1,-1,False
257,8.566667,-1,-1,False
258,8.6,-1,-1,False
259,8.633333,-1,-1,False
260,8.666667,-1,-1,False
261,8.7,-1,-1,False
262,8.733333,-1,-1,False
263,8.766667,-1,-1,False
264,8.8,-1,-1,False
265,8.833333,-1,-1,False
266,8.866667,-1,-1,False
267,8.9,-1,-1,False
268,8.933333,-1,-1,False
269,8.966667,-1,-1,False
270,9.0,-1,-1,False
271,9.033333,-1,-1,False
272,9.066667,-1,-1,False
273,9.1,-1,-1,False
274,9.133333,-1,-1,False
275,9.166667,-1,-1,False
276,9.2,-1,-1,False
277,9.233333,-1,-1,False
278,9.266667,-1,-1,False
279,9.3,-1,-1,False
280,9.333333,-1,-1,False
281,9.366667,-1,-1,False
282,9.4,-1,-1,False
283,9.433333,-1,-1,False
284,9.466667,-1,-1,False
285,9.5,-1,-1,False
286,9.533333,-1,-1,False
287,9.566667,-1,-1,False
288,9.6,-1,-1,False
289,9.633333,-1,-1,False
290,9.666667,-1,-1,False
291,9.7,-1,-1,False
292,9.733333,-1,-1,False
293,9.766667,-1,-1,False
294,9.8,-1,-1,False
295,9.833333,-1,-1,False
296,9.866667,-1,-1,False
297,9.9,-1,-1,False
298,9.933333,-1,-1,False
299,9.966667,-1,-1,False
300,10.0,-1,-1,False
301,10.033333,-1,-1,False
302,10.066667,-1,-1,False
303,10.1,-1,-1,False
304,10.133333,-1,-1,False
305,10.166667,-1,-1,False
306,10.2,-1,-1,False
307,10.233333,-1,-1,False
308,10.266667,-1,-1,False
309,10.3,-1,-1,False
310,10.333333,-1,-1,False
311,10.366667,-1,-1,False
312,10.4,-1,-1,False
313,10.433333,-1,-1,False
314,10.466667,-1,-1,False
315,10.5,-1,-1,False
316,10.533333,-1,-1,False
317,10.566667,-1,-1,False
318,10.6,-1,-1,False
319,10.633333,-1,-1,False
320,10.666667,-1,-1,False
321,10.7,-1,-1,False
322,10.733333,-1,-1,False
323,10.766667,-1,-1,False
324,10.8,-1,-1,False
325,10.833333,-1,-1,False
326,10.866667,-1,-1,False
327,10.9,-1,-1,False
328,10.933333,-1,-1,False
329,10.966667,-1,-1,False
330,11.0,-1,-1,False
331,11.033333,-1,-1,False
332,11.066667,-1,-1,False
333,11.1,-1,-1,False
334,11.133333,-1,-1,False
335,11.166667,-1,-1,False
336,11.2,-1,-1,False
337,11.233333,-1,-1,False
338,11.266667,-1,-1,False
339,11.3,-1,-1,False
340,11.333333,-1,-1,False
341,11.366667,-1,-1,False
342,11.4,-1,-1,False
343,11.433333,-1,-1,False
344,11.466667,-1,-1,False
345,11.5,-1,-1,False
346,11.533333,-1,-1,False
347,11.566667,-1,-1,False
348,11.6,-1,-1,False
349,11.633333,-1,-1,False
350,11.666667,-1,-1,False
351,11.7,-1,-1,False
352,11.733333,-1,-1,False
353,11.766667,-1,-1,False
354,11.8,-1,-1,False
355,11.833333,-1,-1,False
356,11.866667,-1,-1,False
357,11.9,-1,-1,False
358,11.933333,-1,-1,False
359,11.966667,-1,-1,False
360,12.0,-1,-1,False
361,12.033333,-1,-1,False
362,12.066667,-1,-1,False
363,12.1,-1,-1,False
364,12.133333,-1,-1,False
365,12.166667,-1,-1,False
366,12.2,-1,-1,False
367,12.233333,-1,-1,False
368,12.266667,-1,-1,False
369,12.3,-1,-1,False
370,12.333333,-1,-1,False
371,12.366667,-1,-1,False
372,12.4,-1,-1,False
373,12.433333,-1,-1,False
374,12.466667,-1,-1,False
375,12.5,-1,-1,False
376,12.533333,-1,-1,False
377,12.566667,-1,-1,False
378,12.6,-1,-1,False
379,12.633333,-1,-1,False
380,12.666667,-1,-1,False
381,12.7,-1,-1,False
382,12.733333,-1,-1,False
383,12.766667,-1,-1,False
384,12.8,-1,-1,False
385,12.833333,-1,-1,False
386,12.866667,-1,-1,False
387,12.9,-1,-1,False
388,12.933333,-1,-1,False
389,12.966667,-1,-1,False
390,13.0,-1,-1,False
391,13.033333,-1,-1,False
392,13.066667,-1,-1,False
393,13.1,-1,-1,False
394,13.133333,-1,-1,False
395,13.166667,-1,-1,False
396,13.2,-1,-1,False
397,13.233333,-1,-1,False
398,13.266667,-1,-1,False
399,13.3,-1,-1,False
400,13.333333,-1,-1,False
401,13.366667,-1,-1,False
402,13.4,-1,-1,False
403,13.433333,-1,-1,False
404,13.466667,-1,-1,False
405,13.5,-1,-1,False
406,13.533333,-1,-1,False
407,13.566667,-1,-1,False
408,13.6,-1,-1,False
409,13.633333,-1,-1,False
410,13.666667,-1,-1,False
411,13.7,-1,-1,False
412,13.733333,-1,-1,False
413,13.766667,-1,-1,False
414,13.8,-1,-1,False
415,13.833333,-1,-1,False
416,13.866667,-1,-1,False
417,13.9,-1,-1,False
418,13.933333,-1,-1,False
419,13.966667,-1,-1,False
420,14.0,-1,-1,False
421,14.033333,-1,-1,False
422,14.066667,-1,-1,False
423,14.1,-1,-1,False
424,14.133333,-1,-1,False
425,14.166667,-1,-1,False
426,14.2,-1,-1,False
427,14.233333,-1,-1,False
428,14.266667,-1,-1,False
429,14.3,-1,-1,False
430,14.333333,-1,-1,False
431,14.366667,-1,-1,False
432,14.4,-1,-1,False
433,14.433333,-1,-1,False
434,14.466667,-1,-1,False
435,14.5,-1,-1,False
436,14.533333,-1,-1,False
437,14.566667,-1,-1,False
438,14.6,-1,-1,False
439,14.633333,-1,-1,False
440,14.666667,-1,-1,False
441,14.7,-1,-1,False
442,14.733333,-1,-1,False
443,14.766667,-1,-1,False
444,14.8,-1,-1,False
445,14.833333,-1,-1,False
446,14.866667,-1,-1,False
447,14.9,-1,-1,False
448,14.933333,-1,-1,False
449,14.966667,-1,-1,False
450,15.0,-1,-1,False
451,15.033333,-1,-1,False
452,15.066667,-1,-1,False
453,15.1,-1,-1,False
454,15.133333,-1,-1,False
455,15.166667,-1,-1,False
456,15.2,-1,-1,False
457,15.233333,-1,-1,False
458,15.266667,-1,-1,False
459,15.3,-1,-1,False
460,15.333333,-1,-1,False
461,15.366667,-1,-1,False
462,15.4,-1,-1,False
463,15.433333,-1,-1,False
464,15.466667,-1,-1,False
465,15.5,-1,-1,False
466,15.533333,-1,-1,False
467,15.566667,-1,-1,False
468,15.6,-1,-1,False
469,15.633333,-1,-1,False
470,15.666667,-1,-1,False
471,15.7,-1,-1,False
472,15.733333,-1,-1,False
473,15.766667,-1,-1,False
474,15.8,-1,-1,False
475,15.833333,-1,-1,False
476,15.866667,-1,-1,False
477,15.9,-1,-1,False
478,15.933333,-1,-1,False
479,15.966667,-1,-1,False
480,16.0,-1,-1,False
481,16.033333,-1,-1,False
482,16.066667,-1,-1,False
483,16.1,-1,-1,False
484,16.133333,-1,-1,False
485,16.166667,-1,-1,False
486,16.2,-1,-1,False
487,16.233333,-1,-1,False
488,16.266667,-1,-1,False
489,16.3,-1,-1,False
490,16.333333,-1,-1,False
491,16.366667,-1,-1,False
492,16.4,-1,-1,False
493,16.433333,-1,-1,False
494,16.466667,-1,-1,False
495,16.5,-1,-1,False
496,16.533333,-1,-1,False
497,16.566667,-1,-1,False
498,16.6,-1,-1,False
499,16.633333,-1,-1,False
500,16.666667,-1,-1,False
501,16.7,-1,-1,False
502,16.733333,-1,-1,False
503,16.766667,-1,-1,False
504,16.8,-1,-1,False
505,16.833333,-1,-1,False
506,16.866667,-1,-1,False
507,16.9,-1,-1,False
508,16.933333,-1,-1,False
509,16.966667,-1,-1,False
510,17.0,-1,-1,False
511,17.033333,-1,-1,False
512,17.066667,-1,-1,False
513,17.1,-1,-1,False
514,17.133333,-1,-1,False
515,17.166667,-1,-1,False
516,17.2,-1,-1,False
517,17.233333,-1,-1,False
518,17.266667,-1,-1,False
519,17.3,-1,-1,False
520,17.333333,-1,-1,False
521,17.366667,-1,-1,False
522,17.4,-1,-1,False
523,17.433333,-1,-1,False
524,17.466667,-1,-1,False
525,17.5,-1,-1,False
526,17.533333,-1,-1,False
527,17.566667,-1,-1,False
528,17.6,-1,-1,False
529,17.633333,-1,-1,False
530,17.666667,-1,-1,False
531,17.7,-1,-1,False
532,17.733333,-1,-1,False
533,17.766667,-1,-1,False
534,17.8,-1,-1,False
535,17.833333,-1,-1,False
536,17.866667,-1,-1,False
537,17.9,-1,-1,False
538,17.933333,-1,-1,False
539,17.966667,-1,-1,False
540,18.0,-1,-1,False
541,18.033333,-1,-1,False
542,18.066667,-1,-1,False
543,18.1,-1,-1,False
544,18.133333,-1,-1,False
545,18.166667,-1,-1,False
546,18.2,-1,-1,False
547,18.233333,-1,-1,False
548,18.266667,-1,-1,False
549,18.3,-1,-1,False
550,18.333333,-1,-1,False
551,18.366667,-1,-1,False
552,18.4,-1,-1,False
553,18.433333,-1,-1,False
554,18.466667,-1,-1,False
555,18.5,-1,-1,False
556,18.533333,-1,-1,False
557,18.566667,-1,-1,False
558,18.6,-1,-1,False
559,18.633333,-1,-1,False
560,18.666667,-1,-1,False
561,18.7,-1,-1,False
562,18.733333,-1,-1,False
563,18.766667,-1,-1,False
564,18.8,-1,-1,False
565,18.833333,-1,-1,False
566,18.866667,-1,-1,False
567,18.9,-1,-1,False
568,18.933333,-1,-1,False
569,18.966667,-1,-1,False
570,19.0,-1,-1,False
571,19.033333,-1,-1,False
572,19.066667,-1,-1,False
573,19.1,-1,-1,False
574,19.133333,-1,-1,False
575,19.166667,-1,-1,False
576,19.2,-1,-1,False
577,19.233333,-1,-1,False
578,19.266667,-1,-1,False
579,19.3,-1,-1,False
580,19.333333,-1,-1,False
581,19.366667,-1,-1,False
582,19.4,-1,-1,False
583,19.433333,-1,-1,False
584,19.466667,-1,-1,False
585,19.5,-1,-1,False
586,19.533333,-1,-1,False
587,19.566667,-1,-1,False
588,19.6,-1,-1,False
589,19.633333,-1,-1,False
590,19.666667,-1,-1,False
591,19.7,-1,-1,False
592,19.733333,-1,-1,False
593,19.766667,-1,-1,False
594,19.8,-1,-1,False
595,19.833333,-1,-1,False
596,19.866667,-1,-1,False
597,19.9,-1,-1,False
598,19.933333,-1,-1,False
599,19.966667,-1,-1,False
600,20.0,-1,-1,False
601,20.033333,-1,-1,False
602,20.066667,-1,-1,False
603,20.1,-1,-1,False
604,20.133333,-1,-1,False
605,20.166667,-1,-1,False
606,20.2,-1,-1,False
607,20.233333,-1,-1,False
608,20.266667,-1,-1,False
609,20.3,-1,-1,False
610,20.333333,-1,-1,False
611,20.366667,-1,-1,False
612,20.4,-1,-1,False
613,20.433333,-1,-1,False
614,20.466667,-1,-1,False
615,20.5,-1,-1,False
616,20.533333,-1,-1,False
617,20.566667,-1,-1,False
618,20.6,-1,-1,False
619,20.633333,-1,-1,False
620,20.666667,-1,-1,False
621,20.7,-1,-1,False
622,20.733333,-1,-1,False
623,20.766667,-1,0.9973570108413696,False
624,20.8,-1,0.9974132776260376,False
625,20.833333,-1,0.99741131067276,False
626,20.866667,-1,0.9965549111366272,False
627,20.9,-1,0.9960238337516785,False
628,20.933333,-1,0.9960954785346985,False
629,20.966667,-1,0.9961965084075928,False
630,21.0,-1,0.9957991242408752,False
631,21.033333,-1,0.9961637258529663,False
632,21.066667,-1,0.9962465763092041,False
633,21.1,-1,0.9962495565414429,False
634,21.133333,-1,0.9962598085403442,False
635,21.166667,-1,0.9962520599365234,False
636,21.2,-1,0.9962903261184692,False
637,21.233333,-1,0.9965206384658813,False
638,21.266667,-1,0.9966842532157898,False
639,21.3,-1,0.9966966509819031,False
640,21.333333,-1,0.9967289566993713,False
641,21.366667,-1,0.9978711605072021,False
642,21.4,-1,0.998969554901123,False
643,21.433333,-1,0.9989886283874512,False
644,21.466667,-1,0.999004602432251,False
645,21.5,-1,0.99901282787323,False
646,21.533333,-1,0.9990204572677612,False
647,21.566667,-1,0.9990219473838806,False
648,21.6,-1,0.9990219473838806,False
649,21.633333,-1,0.9990880489349365,False
650,21.666667,-1,0.9991732835769653,False
651,21.7,-1,0.999178946018219,False
652,21.733333,-1,0.9991801381111145,False
653,21.766667,-1,0.9991825222969055,False
654,21.8,-1,0.9991881847381592,False
655,21.833333,-1,0.9991886019706726,False
656,21.866667,-1,0.9991939663887024,False
657,21.9,-1,0.9991969466209412,False
658,21.933333,-1,0.9993249177932739,False
659,21.966667,-1,0.999430775642395,False
660,22.0,-1,0.9998359680175781,False
661,22.033333,-1,0.9999570846557617,False
662,22.066667,-1,0.9999621510505676,False
663,22.1,-1,0.9999721050262451,False
664,22.133333,-1,0.999974250793457,False
665,22.166667,-1,0.9999759793281555,False
666,22.2,-1,0.9999762773513794,False
667,22.233333,-1,0.9999797344207764,False
668,22.266667,-1,0.9999812841415405,False
669,22.3,-1,0.9999826550483704,False
670,22.333333,-1,0.9999824166297913,False
671,22.366667,-1,0.9999859929084778,False
672,22.4,-1,0.9999859929084778,False
673,22.433333,-1,0.9999858736991882,False
674,22.466667,-1,0.9999858736991882,False
675,22.5,-1,0.9999898076057434,False
676,22.533333,-1,0.9999900460243225,False
677,22.566667,-1,0.9999909996986389,False
678,22.6,-1,0.9999909996986389,False
679,22.633333,-1,0.9999904036521912,False
680,22.666667,-1,1.0,False
681,22.7,-1,0.9999955296516418,False
682,22.733333,-1,0.9999952912330627,False
683,22.766667,-1,0.9999880790710449,False
684,22.8,-1,0.9999868869781494,False
685,22.833333,-1,0.9999868273735046,False
686,22.866667,-1,0.9999857544898987,False
687,22.9,-1,0.9999857544898987,False
688,22.933333,-1,0.9999857544898987,False
689,22.966667,-1,0.9999857544898987,False
690,23.0,-1,0.9996585845947266,False
691,23.033333,-1,0.9997045993804932,False
692,23.066667,-1,0.9997057318687439,False
693,23.1,-1,0.9997072815895081,False
694,23.133333,-1,0.9997066855430603,False
695,23.166667,-1,0.9997085928916931,False
696,23.2,-1,0.9997085928916931,False
697,23.233333,-1,0.999707818031311,False
698,23.266667,-1,0.999707818031311,False
699,23.3,-1,0.9997072815895081,False
700,23.333333,-1,0.9997080564498901,False
701,23.366667,-1,0.9997080564498901,False
702,23.4,-1,0.9997087717056274,False
703,23.433333,-1,0.9997092485427856,False
704,23.466667,-1,0.9997093081474304,False
705,23.5,-1,0.9997093081474304,False
706,23.533333,-1,0.9997093081474304,False
707,23.566667,-1,0.9997093081474304,False
708,23.6,-1,0.9997093081474304,False
709,23.633333,-1,0.9997093081474304,False
710,23.666667,-1,0.9997090697288513,False
711,23.7,-1,0.99970942735672,False
712,23.733333,-1,0.99970942735672,False
713,23.766667,-1,0.99970942735672,False
714,23.8,-1,-1,False
715,23.833333,-1,-1,False
716,23.866667,-1,-1,False
717,23.9,-1,-1,False
718,23.933333,-1,-1,False
719,23.966667,-1,-1,False
720,24.0,-1,-1,False
721,24.033333,-1,-1,False
722,24.066667,-1,-1,False
723,24.1,-1,-1,False
724,24.133333,-1,-1,False
725,24.166667,-1,-1,False
726,24.2,0.9303320646286011,-1,False
727,24.233333,0.6945821046829224,-1,False
728,24.266667,0.4894728660583496,-1,False
729,24.3,0.5652058720588684,-1,False
730,24.333333,0.7327811121940613,-1,False
731,24.366667,0.8886255025863647,-1,False
732,24.4,0.9952592849731445,-1,True
733,24.433333,0.9988675117492676,-1,True
734,24.466667,0.9990610480308533,-1,True
735,24.5,1.0,-1,True
736,24.533333,0.9990527629852295,-1,True
737,24.566667,0.9949928522109985,-1,True
738,24.6,0.9905227422714233,-1,True
739,24.633333,0.9845427870750427,-1,True
740,24.666667,0.9794245362281799,-1,True
741,24.7,0.9761472940444946,-1,True
742,24.733333,0.974906325340271,-1,True
743,24.766667,-1,-1,False
744,24.8,-1,-1,False
745,24.833333,-1,-1,False
746,24.866667,-1,-1,False
747,24.9,-1,-1,False
748,24.933333,-1,-1,False
749,24.966667,-1,-1,False
750,25.0,-1,-1,False
751,25.033333,-1,-1,False
752,25.066667,-1,-1,False
753,25.1,-1,-1,False
754,25.133333,-1,-1,False
755,25.166667,-1,-1,False
756,25.2,-1,-1,False
757,25.233333,-1,-1,False
758,25.266667,-1,-1,False
759,25.3,-1,-1,False
760,25.333333,-1,-1,False
761,25.366667,-1,-1,False
762,25.4,-1,-1,False
763,25.433333,-1,-1,False
764,25.466667,-1,-1,False
765,25.5,-1,-1,False
766,25.533333,-1,-1,False
767,25.566667,-1,-1,False
768,25.6,-1,-1,False
769,25.633333,-1,-1,False
770,25.666667,-1,-1,False
771,25.7,-1,-1,False
772,25.733333,-1,-1,False
773,25.766667,-1,-1,False
774,25.8,-1,-1,False
775,25.833333,-1,-1,False
776,25.866667,-1,-1,False
777,25.9,-1,-1,False
778,25.933333,-1,-1,False
779,25.966667,-1,-1,False
780,26.0,-1,-1,False
781,26.033333,-1,-1,False
782,26.066667,-1,-1,False
783,26.1,-1,-1,False
784,26.133333,-1,-1,False
785,26.166667,-1,-1,False
786,26.2,-1,-1,False
787,26.233333,-1,-1,False
788,26.266667,-1,-1,False
789,26.3,-1,-1,False
790,26.333333,-1,-1,False
791,26.366667,-1,-1,False
792,26.4,-1,-1,False
793,26.433333,-1,-1,False
794,26.466667,-1,-1,False
795,26.5,-1,-1,False
796,26.533333,-1,-1,False
797,26.566667,-1,-1,False
798,26.6,-1,-1,False
799,26.633333,-1,-1,False
800,26.666667,-1,-1,False
801,26.7,-1,-1,False
802,26.733333,-1,-1,False
803,26.766667,-1,-1,False
804,26.8,-1,-1,False
805,26.833333,-1,-1,False
806,26.866667,-1,-1,False
807,26.9,-1,-1,False
808,26.933333,-1,-1,False
809,26.966667,-1,-1,False
810,27.0,-1,-1,False
811,27.033333,-1,-1,False
812,27.066667,-1,-1,False
813,27.1,-1,-1,False
814,27.133333,-1,-1,False
815,27.166667,-1,-1,False
816,27.2,-1,-1,False
817,27.233333,-1,-1,False
818,27.266667,-1,-1,False
819,27.3,-1,-1,False
820,27.333333,-1,-1,False
